-- GRADE INSERT
insert into USERS (user_id, user_name)
values (1, '홍길동'),
       (2, '이순신'),
       (3, '김삿갓')
;

insert into LECTURE (lecture_id, lecture_name, tutor_name)
values (1, '컴퓨터구조', '백기선'),
       (2, '알고리즘', '김영한'),
       (3, '객체지향 프로그래밍', '김정한')
;

insert into LECTURE_ITEM (lecture_item_id, lecture_id, total_capacity, current_capacity, start_time)
values (1, 1, 30, 0, '2024-12-01 20:00:00.000000'),
       (2, 1, 30, 0, '2024-12-01 21:00:00.000000'),
       (3, 1, 30, 0, '2024-12-01 22:00:00.000000'),
       (4, 1, 30, 0, '2024-12-01 23:00:00.000000'),

       (5, 2, 30, 0, '2024-12-01 20:00:00.000000'),
       (6, 2, 30, 0, '2024-12-01 21:00:00.000000'),
       (7, 2, 30, 0, '2024-12-01 22:00:00.000000'),
       (8, 2, 30, 0, '2024-12-01 23:00:00.000000'),

       (9, 3, 30, 0, '2024-12-01 20:00:00.000000'),
       (10, 3, 30, 0, '2024-12-01 21:00:00.000000'),
       (11, 3, 30, 0, '2024-12-01 22:00:00.000000'),
       (12, 3, 30, 0, '2024-12-01 23:00:00.000000'),

       (13, 1, 30, 0, '2024-12-02 20:00:00.000000'),
       (14, 1, 30, 0, '2024-12-02 21:00:00.000000'),
       (15, 1, 30, 0, '2024-12-02 22:00:00.000000'),
       (16, 1, 30, 0, '2024-12-02 23:00:00.000000'),

       (17, 2, 30, 0, '2024-12-02 20:00:00.000000'),
       (18, 2, 30, 0, '2024-12-02 21:00:00.000000'),
       (19, 2, 30, 0, '2024-12-02 22:00:00.000000'),
       (20, 2, 30, 0, '2024-12-02 23:00:00.000000'),

       (21, 3, 30, 0, '2024-12-02 20:00:00.000000'),
       (22, 3, 30, 0, '2024-12-02 21:00:00.000000'),
       (23, 3, 30, 0, '2024-12-02 22:00:00.000000'),
       (24, 3, 30, 0, '2024-12-02 23:00:00.000000')
;



